<?xml version="1.0" encoding="UTF-8"?>
<odoo>
   <data noupdate="1">

            <!-- Model security category -->
            <record model="ir.module.category" id="module_purchase_aprobacion">
                <field name="name">Aprobación</field>
                <field name="description">Aprobaciones</field>
                <field name="sequence">8</field>
            </record>

            <record id="approver_1_group" model="res.groups">
                <field name="name">Grupo Gerente Adminsitrativo</field>
                <field name="category_id" ref="module_purchase_aprobacion"/>
                <field name="implied_ids" eval="[(4, ref('purchase.group_purchase_manager'))]"/>
            </record>

            <record id="approver_2_group" model="res.groups">
                <field name="name">Grupo Contralor</field>
                <field name="category_id" ref="module_purchase_aprobacion"/>
                <field name="implied_ids" eval="[(4, ref('purchase.group_purchase_manager'))]"/>
            </record>

            <record id="approver_3_group" model="res.groups">
                <field name="name">Grupo Director Ejecutivo</field>
                <field name="category_id" ref="module_purchase_aprobacion"/>
                <field name="implied_ids" eval="[(4, ref('purchase.group_purchase_manager'))]"/>
            </record>

            <record id="approver_4_group" model="res.groups">
                <field name="name">Grupo Presidente de la Junta Directiva</field>
                <field name="category_id" ref="module_purchase_aprobacion"/>
                <field name="implied_ids" eval="[(4, ref('purchase.group_purchase_manager'))]"/>
            </record>

    </data>

</odoo>
