<?xml version="1.0" encoding="utf-8"?>
<odoo>
    <data noupdate="1">
        <record id="ir_cron_cancel_exp_sale_order" model="ir.cron">
         <field name="name">Cotización: Cancelar Expiradas</field>
            <field name="model_id" ref="sale.model_sale_order"/>
            <field name="state">code</field>
            <field name="code">model.cancel_expired_so()</field>
            <field name="interval_number">1</field>
            <field name="interval_type">days</field>
            <field name="numbercall">-1</field>
        </record>
    </data>
</odoo>
